S.No,Symbol,Conf.,Open,High,Low,Close,LTP,Close - LTP,Close - LTP %,VWAP,Vol,Prev. Close,Turnover,Trans.,Diff,Range,Diff %,Range %,VWAP %,120 Days,180 Days,52 Weeks High,52 Weeks Low
1,ACLBSL,35.32,898.9,898.9,875.0,880.0,880.0,0.0,0.0,879.35,1315.0,878.1,1156340.5,15,1.9,23.9,0.22,2.73,0.07,949.9,953.51,1095.0,827.9
2,ADBL,37.52,298.0,300.0,298.0,300.0,300.0,0.0,0.0,299.1,15444.0,297.9,4619273.6,103,2.1,2.0,0.7,0.67,0.3,310.74,306.88,340.0,285.2
3,ADBLD83,24.36,1050.9,1050.9,1050.9,1050.9,1050.9,0.0,0.0,1050.9,10.0,1020.3,10509.0,1,30.6,0.0,3.0,0.0,0.0,1073.88,1083.38,1132.9,1015.0
4,AHL,33.31,343.0,360.0,343.0,359.0,359.0,0.0,0.0,355.54,1372.0,350.2,487796.0,34,8.8,17.0,2.51,4.96,0.96,465.99,496.05,699.0,343.0
5,AHPC,42.47,257.0,261.8,252.7,261.0,261.0,0.0,0.0,258.28,101409.0,253.5,26191662.8,286,7.5,9.1,2.96,3.6,1.04,274.88,275.54,323.3,245.8
6,AKJCL,36.64,334.9,343.9,332.4,339.8,339.8,0.0,0.0,338.77,239711.0,332.1,81207023.0,448,7.7,11.5,2.32,3.46,0.3,374.64,341.83,461.4,172.9
7,AKPL,44.92,247.0,255.0,243.1,255.0,255.0,0.0,0.0,250.92,127972.0,247.4,32110938.7,290,7.6,11.9,3.07,4.9,1.6,265.01,263.36,317.0,227.5
8,ALBSL,29.7,1078.0,1158.0,1078.0,1156.0,1156.0,0.0,0.0,1133.34,64777.0,1108.8,73414341.1,305,47.2,80.0,4.26,7.42,1.96,1118.5,1126.94,1334.0,930.0
9,ALICL,38.18,398.0,400.0,390.0,399.2,399.2,0.0,0.0,396.33,16496.0,398.0,6537910.4,104,1.2,10.0,0.3,2.56,0.72,442.62,450.77,505.0,381.4
10,ANLB,30.13,4751.0,4950.0,4751.0,4930.0,4930.0,0.0,0.0,4887.06,592.0,4839.0,2893141.4,30,91.0,199.0,1.88,4.19,0.87,5957.21,6029.74,7560.0,4750.0
11,APHL,28.62,665.0,681.0,648.1,681.0,681.0,0.0,0.0,669.88,2619.0,664.0,1754428.1,109,17.0,32.9,2.56,5.08,1.63,0.0,0.0,1053.4,299.7
12,API,43.8,327.0,334.9,325.0,334.7,334.7,0.0,0.0,329.12,229569.0,326.0,75556799.9,523,8.7,9.9,2.67,3.05,1.67,340.32,326.75,370.0,258.8
13,AVYAN,41.12,1000.0,1091.0,1000.0,1091.0,1091.0,0.0,0.0,1027.65,1250.0,991.0,1284561.0,26,100.0,91.0,10.09,9.1,5.81,1090.54,1049.68,1366.0,906.0
14,BANDIPUR,35.25,599.4,639.9,599.4,639.0,639.0,0.0,0.0,631.68,19704.0,630.9,12446558.7,289,8.1,40.5,1.28,6.76,1.15,783.72,826.4,1233.0,285.0
15,BARUN,44.47,308.9,319.0,308.9,319.0,319.0,0.0,0.0,314.07,42924.0,310.8,13481065.5,153,8.2,10.1,2.64,3.27,1.55,336.87,338.96,401.5,292.1
16,BBC,31.31,3863.1,4060.0,3863.1,4040.0,4040.0,0.0,0.0,4021.18,234.0,3980.0,940955.0,22,60.0,196.9,1.51,5.1,0.47,4490.5,4602.98,5600.0,3825.0
17,BEDC,42.68,291.0,300.0,288.3,298.9,298.9,0.0,0.0,294.41,21080.0,291.0,6206193.6,131,7.9,11.7,2.71,4.06,1.5,365.65,421.61,728.0,270.0
18,BFC,27.67,418.0,434.3,418.0,434.0,434.0,0.0,0.0,430.06,14226.0,420.0,6118014.9,112,14.0,16.3,3.33,3.9,0.91,485.18,481.37,562.0,411.5
19,BGWT,34.08,450.0,476.9,450.0,476.0,476.0,0.0,0.0,470.13,22847.0,450.9,10741139.2,105,25.1,26.9,5.57,5.98,1.23,630.32,677.7,944.0,435.0
20,BHCL,23.07,510.1,529.0,510.1,521.0,521.0,0.0,0.0,522.85,49856.0,523.0,26067238.7,241,-2.0,18.9,-0.38,3.71,-0.36,538.07,545.91,699.0,394.0
21,BHDC,37.94,419.0,419.0,411.2,417.0,417.0,0.0,0.0,415.78,4528.0,411.7,1882669.3,33,5.3,7.8,1.29,1.9,0.29,451.04,461.38,616.0,401.1
22,BHL,43.96,206.0,213.0,202.0,211.5,211.5,0.0,0.0,208.74,256797.0,204.8,53604732.9,654,6.7,11.0,3.27,5.45,1.3,216.95,209.54,264.4,164.0
23,BHPL,39.08,437.0,450.0,425.2,450.0,450.0,0.0,0.0,440.48,3303.0,436.9,1454897.2,50,13.1,24.8,3.0,5.83,2.12,513.46,531.45,789.0,417.2
24,BJHL,43.68,635.1,664.0,631.7,657.0,657.0,0.0,0.0,644.72,18585.0,648.0,11982184.3,166,9.0,32.3,1.39,5.11,1.87,0.0,0.0,1305.0,270.1
25,BNHC,36.32,263.0,272.9,262.0,271.3,271.3,0.0,0.0,267.96,12998.0,262.3,3482936.3,97,9.0,10.9,3.43,4.16,1.23,314.4,359.23,613.8,247.5
26,BNT,21.6,11750.0,11750.0,11510.1,11510.1,11510.1,0.0,0.0,11630.05,20.0,11688.0,232601.0,2,-177.9,239.9,-1.52,2.08,-1.04,11698.37,11765.55,12760.0,10660.0
27,BPCL,39.62,645.0,647.9,630.0,642.0,642.0,0.0,0.0,637.25,10390.0,639.0,6620986.3,82,3.0,17.9,0.47,2.84,0.74,674.1,695.88,819.0,612.0
28,BUNGAL,29.76,500.0,523.0,500.0,520.0,520.0,0.0,0.0,516.81,7032.0,515.0,3634215.1,100,5.0,23.0,0.97,4.6,0.61,627.91,637.8,895.0,302.4
29,C30MF,16.29,9.75,10.0,9.75,9.76,9.76,0.0,0.0,9.85,500.0,10.05,4927.0,3,-0.29,0.25,-2.89,2.56,-0.96,10.03,9.85,10.45,8.7
30,CBBL,41.38,940.0,946.9,940.0,942.1,942.1,0.0,0.0,943.8,11255.0,942.0,10622482.7,91,0.1,6.9,0.01,0.73,-0.18,923.44,933.88,1054.9,882.0
31,CFCL,30.67,586.0,589.0,565.0,584.7,584.7,0.0,0.0,573.54,46950.0,586.0,26927557.8,281,-1.3,24.0,-0.22,4.25,1.91,580.83,561.04,699.0,445.1
32,CGH,37.17,761.0,773.9,761.0,767.1,767.1,0.0,0.0,768.59,11374.0,762.4,8741965.5,47,4.7,12.9,0.62,1.7,-0.19,795.89,818.67,1005.0,748.0
33,CHCL,28.86,350.0,354.8,344.0,352.1,352.1,0.0,0.0,348.13,98317.0,346.0,34226909.6,387,6.1,10.8,1.76,3.14,1.13,476.95,478.4,525.0,344.0
34,CHDC,41.71,2210.0,2235.0,2183.1,2234.0,2234.0,0.0,0.0,2215.24,11292.0,2205.0,25014523.7,103,29.0,51.9,1.32,2.38,0.84,2263.24,2300.35,2717.0,1967.0
35,CHL,37.38,251.0,257.0,251.0,257.0,257.0,0.0,0.0,254.69,17046.0,248.0,4341522.7,85,9.0,6.0,3.63,2.39,0.9,279.52,278.4,332.5,223.4
36,CIT,22.44,1685.0,1705.0,1670.0,1700.4,1700.4,0.0,0.0,1696.43,3127.0,1685.0,5304731.4,77,15.4,35.0,0.91,2.1,0.23,1741.98,1760.42,1973.0,1621.1
37,CITY,39.95,333.0,342.0,327.2,342.0,342.0,0.0,0.0,338.27,87015.0,333.0,29434347.5,367,9.0,14.8,2.7,4.52,1.09,406.45,433.1,649.0,327.2
38,CKHL,21.68,574.0,588.0,573.0,588.0,588.0,0.0,0.0,575.27,989.0,588.0,568940.0,21,0.0,15.0,0.0,2.62,2.17,640.52,657.06,804.0,525.0
39,CLI,38.99,412.0,419.9,410.0,415.0,415.0,0.0,0.0,413.34,15310.0,411.0,6328175.9,154,4.0,9.9,0.97,2.41,0.4,451.36,460.55,526.0,410.0
40,CORBL,30.04,814.0,834.0,805.0,817.0,817.0,0.0,0.0,814.71,16851.0,814.0,13728673.4,238,3.0,29.0,0.37,3.6,0.28,1668.17,1669.7,3183.0,805.0
41,CREST,31.43,1050.0,1075.0,1045.0,1075.0,1075.0,0.0,0.0,1060.69,1607.0,1070.0,1704531.2,62,5.0,30.0,0.47,2.87,1.33,1211.41,1255.6,1588.0,985.2
42,CSY,28.47,8.22,8.43,8.21,8.43,8.43,0.0,0.0,8.3,13400.0,8.21,111255.07,17,0.22,0.22,2.68,2.68,1.51,9.18,0.0,10.0,8.01
43,CYCL,20.26,1450.0,1554.0,1450.0,1513.0,1513.0,0.0,0.0,1474.98,4576.0,1520.0,6749497.6,96,-7.0,104.0,-0.46,7.17,2.51,1467.7,1499.26,1768.4,1216.0
44,CZBIL,40.78,195.1,200.0,195.1,200.0,200.0,0.0,0.0,197.66,33713.0,197.0,6663570.4,110,3.0,4.9,1.52,2.51,1.17,204.45,201.77,238.6,183.0
45,DDBL,41.45,832.1,845.0,832.1,837.6,837.6,0.0,0.0,840.24,8528.0,839.0,7165599.3,60,-1.4,12.9,-0.17,1.55,-0.32,842.74,844.12,927.0,793.0
46,DHEL,24.55,543.2,559.6,538.0,556.0,556.0,0.0,0.0,551.91,6994.0,543.3,3860029.1,145,12.7,21.6,2.34,4.01,0.74,610.98,634.36,918.9,402.2
47,DHPL,36.76,261.3,274.0,261.3,274.0,274.0,0.0,0.0,271.05,1807.0,269.0,489793.0,23,5.0,12.7,1.86,4.86,1.08,295.85,297.77,345.0,254.0
48,DLBS,33.85,955.0,983.0,927.0,983.0,983.0,0.0,0.0,944.07,447.0,955.0,421999.4,14,28.0,56.0,2.93,6.04,3.96,1245.59,1276.87,1495.0,927.0
49,DOLTI,46.36,300.0,306.0,293.0,306.0,306.0,0.0,0.0,298.67,52969.0,299.0,15820267.1,281,7.0,13.0,2.34,4.44,2.4,363.5,415.61,596.0,275.0
50,DORDI,42.95,235.4,250.0,235.4,249.0,249.0,0.0,0.0,246.46,48461.0,238.0,11943709.0,273,11.0,14.6,4.62,6.2,1.02,266.94,269.55,327.4,213.1
51,EBL,41.97,718.0,720.0,715.0,719.9,719.9,0.0,0.0,717.69,36839.0,718.0,26438978.9,195,1.9,5.0,0.26,0.7,0.31,708.29,694.43,753.0,619.0
52,EBLD85,20.58,1100.2,1100.2,1100.2,1100.2,1100.2,0.0,0.0,1100.2,25.0,1096.9,27505.0,1,3.3,0.0,0.3,0.0,0.0,1157.64,1153.45,1250.0,1091.8
53,EBLD86,39.58,1082.1,1154.0,1082.1,1154.0,1154.0,0.0,0.0,1153.87,355.0,1082.1,409623.0,3,71.9,71.9,6.64,6.64,0.01,1094.24,1079.09,1154.0,1050.0
54,EBLD91,25.83,1103.0,1110.0,1103.0,1110.0,1110.0,0.0,0.0,1107.65,188.0,1071.3,208239.0,3,38.7,7.0,3.61,0.63,0.21,1087.37,1091.23,1142.4,995.0
55,EBLEB89,39.86,1102.0,1102.0,1102.0,1102.0,1102.0,0.0,0.0,1102.0,55.0,1070.0,60610.0,1,32.0,0.0,2.99,0.0,0.0,1053.78,0.0,1133.0,1002.4
56,ECL,42.08,1275.0,1360.0,1275.0,1342.9,1342.9,0.0,0.0,1327.69,21809.0,1278.0,28955546.9,463,64.9,85.0,5.08,6.67,1.13,0.0,0.0,1980.0,296.6
57,EDBL,31.32,567.0,568.0,561.0,566.9,566.9,0.0,0.0,564.89,2443.0,565.0,1380028.5,16,1.9,7.0,0.34,1.25,0.35,580.49,585.1,683.4,535.9
58,EHPL,35.6,318.0,318.0,308.5,316.0,316.0,0.0,0.0,314.84,3515.0,314.0,1106675.1,45,2.0,9.5,0.64,3.08,0.37,374.59,389.12,553.8,295.0
59,ENL,24.77,651.0,651.0,578.1,593.9,593.9,0.0,0.0,592.18,30848.0,620.0,18267474.7,211,-26.1,72.9,-4.21,12.61,0.29,855.1,876.24,1021.0,571.0
60,FMDBL,35.58,720.1,733.8,715.0,727.1,727.1,0.0,0.0,727.48,10084.0,722.7,7335882.5,59,4.4,18.8,0.61,2.63,-0.05,789.19,792.68,982.0,689.8
61,FOWAD,37.32,895.0,900.0,875.0,878.9,878.9,0.0,0.0,881.39,2069.0,877.9,1823600.3,30,1.0,25.0,0.11,2.86,-0.28,1025.73,1044.31,1364.0,834.2
62,GBBD85,21.95,1050.0,1050.0,1050.0,1050.0,1050.0,0.0,0.0,1050.0,25.0,1070.0,26250.0,1,-20.0,0.0,-1.87,0.0,0.0,1080.8,1085.5,1135.0,1045.5
63,GBBL,32.86,440.0,444.8,439.0,443.0,443.0,0.0,0.0,441.24,111320.0,440.6,49119297.3,427,2.4,5.8,0.54,1.32,0.4,415.85,408.87,450.0,367.4
64,GBIME,40.39,250.0,251.5,248.3,250.6,250.6,0.0,0.0,250.05,148823.0,248.6,37213275.0,362,2.0,3.2,0.8,1.29,0.22,242.53,237.89,270.6,218.9
65,GBIMEP,29.06,100.0,100.0,100.0,100.0,100.0,0.0,0.0,100.0,7037.0,100.0,703700.0,1,0.0,0.0,0.0,0.0,0.0,105.71,120.74,131.0,100.0
66,GBIMESY2,34.82,8.75,9.01,8.75,8.8,8.8,0.0,0.0,8.99,6800.0,8.8,61132.0,9,0.0,0.26,0.0,2.97,-2.16,9.34,9.28,10.78,8.5
67,GBLBS,34.33,623.0,640.0,623.0,635.0,635.0,0.0,0.0,631.25,5739.0,622.0,3622726.5,45,13.0,17.0,2.09,2.73,0.59,752.14,759.64,868.0,610.0
68,GCIL,22.0,363.0,372.0,362.3,367.8,367.8,0.0,0.0,367.07,22046.0,363.3,8092441.4,176,4.5,9.7,1.24,2.68,0.2,392.13,403.29,489.9,315.5
69,GFCL,34.54,564.9,565.0,555.1,561.3,561.3,0.0,0.0,559.25,9445.0,566.9,5282158.7,58,-5.6,9.9,-0.99,1.78,0.36,623.37,628.23,738.0,528.3
70,GHL,45.99,246.7,246.7,232.8,239.9,239.9,0.0,0.0,239.12,206662.0,235.9,49417947.5,433,4.0,13.9,1.7,5.97,0.32,236.11,233.99,290.0,197.1
71,GIBF1,38.67,11.23,11.6,11.1,11.6,11.6,0.0,0.0,11.46,44444.0,11.25,509152.15,22,0.35,0.5,3.11,4.5,1.24,10.83,10.74,11.67,9.3
72,GILB,24.58,1100.0,1103.0,1077.1,1090.5,1090.5,0.0,0.0,1090.74,939.0,1103.0,1024202.0,14,-12.5,25.9,-1.13,2.4,-0.02,1118.62,1137.95,1350.0,1020.1
73,GLBSL,38.33,1633.8,1633.8,1600.0,1629.0,1629.0,0.0,0.0,1618.95,280.0,1601.0,453306.8,17,28.0,33.8,1.75,2.11,0.62,1791.57,1849.1,2310.0,1585.1
74,GLH,42.78,248.0,257.5,248.0,255.0,255.0,0.0,0.0,253.47,50859.0,248.0,12891127.8,196,7.0,9.5,2.82,3.83,0.6,264.37,263.68,328.2,227.4
75,GMFBS,41.25,1105.8,1190.0,1047.7,1154.0,1154.0,0.0,0.0,1117.57,584.0,1164.0,652659.5,33,-10.0,142.3,-0.86,13.58,3.16,1270.47,1343.25,1688.0,1041.0
76,GMFIL,32.15,416.9,416.9,404.4,413.8,413.8,0.0,0.0,406.8,3815.0,410.8,1551949.4,35,3.0,12.5,0.73,3.09,1.69,466.12,467.69,540.0,393.1
77,GMLI,43.05,970.0,1001.0,889.0,991.9,991.9,0.0,0.0,964.24,3616.0,944.0,3486676.2,71,47.9,112.0,5.07,12.6,2.79,1275.38,1437.35,2142.0,889.0
78,GRDBL,29.81,913.0,950.0,913.0,938.0,938.0,0.0,0.0,932.71,7434.0,931.0,6933742.5,100,7.0,37.0,0.75,4.05,0.56,1058.98,1082.47,1320.0,911.0
79,GSY,30.91,8.95,8.96,8.92,8.95,8.95,0.0,0.0,8.94,1700.0,8.92,15205.0,14,0.03,0.04,0.34,0.45,0.07,9.78,9.62,10.46,8.5
80,GUFL,30.24,490.0,495.0,485.0,495.0,495.0,0.0,0.0,488.36,7602.0,480.0,3712528.3,51,15.0,10.0,3.13,2.06,1.34,544.64,543.79,644.0,460.6
81,GVL,41.08,472.5,484.9,472.5,484.9,484.9,0.0,0.0,480.34,11003.0,476.2,5285200.1,70,8.7,12.4,1.83,2.62,0.94,487.27,493.48,602.0,461.0
82,GWFD83,33.65,1018.2,1049.6,1018.2,1049.6,1049.6,0.0,0.0,1047.69,16.0,1018.2,16763.1,2,31.4,31.4,3.08,3.08,0.18,1158.91,1185.45,1239.0,1016.0
83,H8020,34.68,12.5,12.5,12.12,12.4,12.4,0.0,0.0,12.39,39956.0,12.2,494919.5,20,0.2,0.38,1.64,3.14,0.11,11.83,11.66,13.18,10.0
84,HATHY,39.19,570.3,609.0,559.6,609.0,609.0,0.0,0.0,584.67,21134.0,576.9,12356447.7,169,32.1,49.4,5.56,8.83,3.99,763.99,814.2,1050.0,545.0
85,HBL,37.54,185.2,188.0,185.0,188.0,188.0,0.0,0.0,186.79,49771.0,185.2,9296948.2,352,2.8,3.0,1.51,1.62,0.64,201.17,198.34,237.0,183.0
86,HBLD86,40.79,1185.0,1198.0,1185.0,1198.0,1198.0,0.0,0.0,1197.89,10166.0,1157.4,12177776.0,8,40.6,13.0,3.51,1.1,0.01,1147.92,1129.76,1220.0,1112.4
87,HDHPC,45.14,207.0,215.0,203.7,213.8,213.8,0.0,0.0,212.12,292330.0,205.0,62009321.5,732,8.8,11.3,4.29,5.55,0.79,219.11,210.8,274.0,162.0
88,HDL,42.78,1189.0,1192.0,1180.2,1192.0,1192.0,0.0,0.0,1188.57,28552.0,1183.0,33936090.7,291,9.0,11.8,0.76,1.0,0.29,1165.62,1161.9,1415.7,1097.6
89,HEI,30.98,442.0,460.0,437.1,460.0,460.0,0.0,0.0,449.37,11718.0,450.0,5265710.0,50,10.0,22.9,2.22,5.24,2.31,530.63,524.18,596.0,418.0
90,HEIP,38.45,292.0,308.8,288.0,308.8,308.8,0.0,0.0,292.0,1719.0,292.0,501949.9,8,16.8,20.8,5.75,7.22,5.44,328.08,324.71,378.0,288.0
91,HFIN,36.29,612.9,627.0,605.1,621.0,621.0,0.0,0.0,617.24,20671.0,612.9,12759049.0,347,8.1,21.9,1.32,3.62,0.6,760.24,0.0,1450.6,101.7
92,HHL,40.92,322.0,328.9,315.0,328.0,328.0,0.0,0.0,322.95,18982.0,319.0,6130177.8,93,9.0,13.9,2.82,4.41,1.54,354.3,348.78,416.6,309.0
93,HIDCL,40.18,240.0,246.9,239.1,245.0,245.0,0.0,0.0,242.84,47609.0,240.0,11561376.8,157,5.0,7.8,2.08,3.26,0.88,263.26,264.05,307.0,232.6
94,HIDCLP,44.56,180.0,186.7,178.5,186.5,186.5,0.0,0.0,183.44,181912.0,178.5,33369599.0,299,8.0,8.2,4.48,4.59,1.64,197.83,195.17,230.6,174.4
95,HIMSTAR,36.72,649.0,664.0,642.2,659.0,659.0,0.0,0.0,651.13,1280.0,648.9,833443.7,35,10.1,21.8,1.56,3.39,1.19,808.08,859.15,1264.0,439.0
96,HLBSL,40.75,836.2,859.0,835.1,859.0,859.0,0.0,0.0,844.06,1651.0,859.0,1393538.9,28,0.0,23.9,0.0,2.86,1.74,891.15,900.72,1005.0,830.0
97,HLI,36.1,292.0,295.7,290.0,294.0,294.0,0.0,0.0,292.86,23094.0,290.3,6763240.4,191,3.7,5.7,1.27,1.97,0.39,336.02,347.92,412.9,284.3
98,HLICF,39.07,8.2,8.35,8.2,8.35,8.35,0.0,0.0,8.21,1400.0,8.44,11497.0,4,-0.09,0.15,-1.07,1.83,1.65,8.93,9.05,10.55,7.88
99,HPPL,42.23,363.6,378.0,363.6,375.0,375.0,0.0,0.0,372.63,110915.0,367.0,41330144.7,245,8.0,14.4,2.18,3.96,0.63,381.27,412.81,605.0,340.1
100,HRL,33.42,485.0,507.0,485.0,503.9,503.9,0.0,0.0,500.29,52280.0,499.9,26154965.1,460,4.0,22.0,0.8,4.54,0.72,643.23,712.34,965.0,485.0
101,HURJA,49.2,234.9,247.0,234.9,247.0,247.0,0.0,0.0,242.73,149139.0,235.0,36200058.8,364,12.0,12.1,5.11,5.15,1.73,250.9,248.84,312.1,204.6
102,ICFC,33.59,578.0,595.0,578.0,586.8,586.8,0.0,0.0,585.42,1001.0,580.5,586005.0,14,6.3,17.0,1.09,2.94,0.24,620.85,631.26,715.0,567.6
103,ICFCD89,29.63,1100.0,1100.0,1091.0,1093.1,1093.1,0.0,0.0,1095.58,90.0,1089.0,98602.5,5,4.1,9.0,0.38,0.82,-0.23,0.0,0.0,1140.0,1020.0
104,IGI,41.43,384.4,389.0,380.1,389.0,389.0,0.0,0.0,383.82,11236.0,383.5,4312574.9,36,5.5,8.9,1.43,2.34,1.33,435.91,433.42,524.7,355.1
105,IHL,33.3,304.9,306.0,300.0,306.0,306.0,0.0,0.0,303.46,2432.0,299.6,738025.0,20,6.4,6.0,2.14,2.0,0.83,395.06,448.11,638.0,282.5
106,ILBS,46.36,836.3,870.0,822.1,870.0,870.0,0.0,0.0,837.78,8884.0,857.0,7442801.9,44,13.0,47.9,1.52,5.83,3.7,915.42,937.85,1263.0,800.0
107,ILI,39.84,402.5,414.0,401.5,409.1,409.1,0.0,0.0,408.44,5168.0,405.0,2110816.8,150,4.1,12.5,1.01,3.11,0.16,429.46,435.57,489.6,396.3
108,JBBL,37.21,325.4,334.5,325.4,334.5,334.5,0.0,0.0,331.32,12564.0,328.6,4162690.3,82,5.9,9.1,1.8,2.8,0.95,352.59,346.89,395.0,295.0
109,JBLB,39.12,1187.5,1256.0,1187.5,1255.8,1255.8,0.0,0.0,1252.49,2379.0,1250.0,2979683.4,65,5.8,68.5,0.46,5.77,0.26,1283.39,1312.21,1644.0,1187.5
110,JFL,25.51,278.0,317.9,278.0,280.0,280.0,0.0,0.0,289.6,43949.0,278.0,12727457.84,307,2.0,39.9,0.72,14.35,-3.43,402.52,412.0,492.0,250.1
111,JHAPA,41.57,1089.9,1089.9,1035.1,1050.0,1050.0,0.0,0.0,1047.69,4190.0,1038.0,4389831.7,43,12.0,54.8,1.16,5.29,0.22,1303.9,1334.18,1929.0,293.4
112,JOSHI,36.6,251.1,262.0,250.2,261.9,261.9,0.0,0.0,258.1,19331.0,254.0,4989352.3,111,7.9,11.8,3.11,4.72,1.45,278.25,284.29,388.6,245.0
113,JSLBB,38.67,930.3,959.0,905.2,959.0,959.0,0.0,0.0,935.67,132.0,959.0,123508.0,9,0.0,53.8,0.0,5.94,2.43,1061.98,1098.51,1308.0,905.2
114,KAHL,31.15,471.1,495.0,471.1,493.0,493.0,0.0,0.0,486.83,18607.0,484.0,9058382.6,656,9.0,23.9,1.86,5.07,1.25,0.0,0.0,613.0,295.4
115,KBL,41.26,212.0,215.2,212.0,215.0,215.0,0.0,0.0,213.46,177697.0,212.2,37932082.7,361,2.8,3.2,1.32,1.51,0.71,218.61,208.22,256.0,175.5
116,KBSH,33.63,758.1,803.9,758.1,803.0,803.0,0.0,0.0,798.62,5575.0,798.0,4452288.3,68,5.0,45.8,0.63,6.04,0.55,1351.5,1470.38,1907.0,758.1
117,KDBY,37.82,9.8,10.09,9.8,10.09,10.09,0.0,0.0,9.94,38600.0,9.94,383815.0,15,0.15,0.29,1.51,2.96,1.45,11.01,10.63,12.54,8.67
118,KDL,27.49,620.0,630.3,618.0,621.0,621.0,0.0,0.0,621.12,68220.0,620.3,42372541.8,365,0.7,12.3,0.11,1.99,-0.02,807.36,827.57,1185.0,618.0
119,KEF,20.83,9.06,9.3,9.06,9.1,9.1,0.0,0.0,9.19,400.0,9.3,3676.0,4,-0.2,0.24,-2.15,2.65,-0.99,10.48,10.09,11.3,8.31
120,KHPL,37.78,737.1,753.9,737.0,750.0,750.0,0.0,0.0,746.48,4001.0,749.0,2986660.4,76,1.0,16.9,0.13,2.29,0.47,0.0,0.0,1324.8,300.0
121,KKHC,39.12,274.0,274.0,264.0,273.7,273.7,0.0,0.0,267.71,125343.0,268.0,33555221.3,292,5.7,10.0,2.13,3.79,2.19,272.62,265.12,362.0,208.0
122,KMCDB,41.12,809.9,812.0,775.6,807.0,807.0,0.0,0.0,798.07,4327.0,799.5,3453227.4,42,7.5,36.4,0.94,4.69,1.11,846.21,892.16,1189.3,735.0
123,KPCL,41.98,444.1,454.0,444.1,454.0,454.0,0.0,0.0,446.43,6762.0,445.5,3018784.6,55,8.5,9.9,1.91,2.23,1.67,484.32,504.02,658.0,440.6
124,KSBBL,22.6,441.0,445.0,435.2,440.8,440.8,0.0,0.0,438.88,22088.0,441.1,9694067.6,100,-0.3,9.8,-0.07,2.25,0.43,480.27,471.73,534.0,404.1
125,LBBL,27.07,473.0,479.0,469.2,479.0,479.0,0.0,0.0,471.14,38716.0,475.0,18240700.7,86,4.0,9.8,0.84,2.09,1.64,489.83,486.55,555.0,433.0
126,LEC,46.36,250.0,266.0,246.0,252.2,252.2,0.0,0.0,255.65,1434225.0,246.1,366655193.3,3197,6.1,20.0,2.48,8.13,-1.37,225.57,221.2,276.0,180.0
127,LICN,38.28,759.9,759.9,747.1,754.9,754.9,0.0,0.0,750.35,7564.0,755.0,5675669.5,47,-0.1,12.8,-0.01,1.71,0.6,804.37,825.35,969.0,741.5
128,LLBS,43.14,860.0,880.0,838.3,880.0,880.0,0.0,0.0,852.49,928.0,884.5,791110.7,15,-4.5,41.7,-0.51,4.97,3.13,936.37,949.83,1081.9,819.4
129,LSH12,24.36,8.96,9.0,8.9,8.9,8.9,0.0,0.0,8.94,2300.0,8.97,20556.0,19,-0.07,0.1,-0.78,1.12,-0.42,0.0,0.0,10.0,8.55
130,LSL,41.54,226.5,228.5,222.0,227.3,227.3,0.0,0.0,226.57,86278.0,224.0,19547639.5,176,3.3,6.5,1.47,2.93,0.32,220.77,219.02,244.0,203.0
131,LUK,34.76,9.5,9.5,9.49,9.49,9.49,0.0,0.0,9.5,1710.0,9.78,16237.9,3,-0.29,0.01,-2.97,0.11,-0.06,10.02,9.88,10.91,8.97
132,LVF2,19.6,9.0,9.1,9.0,9.1,9.1,0.0,0.0,9.05,400.0,9.1,3620.0,4,0.0,0.1,0.0,1.11,0.55,9.75,9.65,10.3,8.76
133,MABEL,40.13,585.0,600.0,575.0,600.0,600.0,0.0,0.0,588.98,5507.0,580.0,3243493.6,87,20.0,25.0,3.45,4.35,1.84,655.95,688.75,927.0,317.7
134,MAKAR,29.74,400.0,405.0,395.0,402.0,402.0,0.0,0.0,398.97,86279.0,400.0,34422377.2,232,2.0,10.0,0.5,2.53,0.75,474.26,500.17,629.3,389.0
135,MANDU,37.83,671.0,690.0,660.0,684.9,684.9,0.0,0.0,673.06,20509.0,671.0,13803824.9,89,13.9,30.0,2.07,4.55,1.73,806.43,809.05,909.0,622.0
136,MATRI,35.7,720.0,728.7,711.1,725.0,725.0,0.0,0.0,723.34,259.0,715.0,187344.1,15,10.0,17.6,1.4,2.48,0.23,873.42,908.96,1048.5,705.6
137,MBJC,38.89,275.1,285.0,272.0,285.0,285.0,0.0,0.0,281.1,36467.0,278.0,10250912.9,240,7.0,13.0,2.52,4.78,1.37,281.69,284.3,333.0,248.5
138,MBL,38.41,250.0,251.0,245.4,251.0,251.0,0.0,0.0,249.02,36390.0,249.0,9061719.7,97,2.0,5.6,0.8,2.28,0.79,251.0,243.37,284.0,205.0
139,MBLEF,25.36,9.16,9.41,9.16,9.21,9.21,0.0,0.0,9.23,1350.0,9.16,12456.5,11,0.05,0.25,0.55,2.73,-0.18,10.04,9.95,10.89,8.44
140,MCHL,36.35,236.0,262.0,236.0,262.0,262.0,0.0,0.0,256.93,4251.0,248.0,1092199.0,68,14.0,26.0,5.65,11.02,1.94,316.68,357.82,539.0,232.0
141,MDB,33.01,551.1,559.0,548.0,551.0,551.0,0.0,0.0,550.46,3636.0,550.0,2001471.2,39,1.0,11.0,0.18,2.01,0.1,595.32,602.63,705.8,530.5
142,MEHL,41.94,235.0,244.7,233.1,244.0,244.0,0.0,0.0,238.69,91916.0,232.9,21939798.2,297,11.1,11.6,4.77,4.98,2.17,350.89,383.59,519.0,220.0
143,MEL,42.66,198.3,208.0,198.2,207.0,207.0,0.0,0.0,205.93,44375.0,202.0,9138365.1,185,5.0,9.8,2.48,4.94,0.51,236.4,251.38,328.0,195.0
144,MEN,34.97,640.0,641.0,632.6,640.0,640.0,0.0,0.0,638.51,80851.0,636.0,51624447.3,258,4.0,8.4,0.63,1.33,0.23,599.53,593.31,683.4,535.0
145,MEPDL,22.96,605.2,639.0,605.2,637.0,637.0,0.0,0.0,625.1,21033.0,616.0,13147718.3,750,21.0,33.8,3.41,5.58,1.87,0.0,0.0,855.0,300.0
146,MERO,39.99,594.0,618.0,590.0,618.0,618.0,0.0,0.0,596.46,2970.0,590.2,1771485.5,36,27.8,28.0,4.71,4.75,3.49,702.75,715.45,866.0,584.9
147,MFIL,34.88,720.0,730.0,716.6,728.0,728.0,0.0,0.0,720.22,17757.0,726.0,12788972.9,83,2.0,13.4,0.28,1.87,1.07,785.06,780.82,938.0,545.0
148,MFLD85,32.63,1105.0,1105.0,1105.0,1105.0,1105.0,0.0,0.0,1105.0,25.0,1102.0,27625.0,1,3.0,0.0,0.27,0.0,0.0,1109.67,1090.83,1203.0,1064.0
149,MHCL,29.15,272.5,280.0,272.5,280.0,280.0,0.0,0.0,278.72,1404.0,275.0,391322.8,36,5.0,7.5,1.82,2.75,0.46,336.2,352.91,445.0,261.0
150,MHL,39.06,443.0,455.0,441.0,455.0,455.0,0.0,0.0,447.04,2347.0,443.9,1049208.5,43,11.1,14.0,2.5,3.17,1.75,491.16,497.38,580.0,435.0
151,MHNL,44.05,239.0,251.0,239.0,251.0,251.0,0.0,0.0,247.65,31803.0,240.0,7876014.7,146,11.0,12.0,4.58,5.02,1.33,258.29,259.42,324.0,223.0
152,MKCL,26.23,900.0,900.0,876.0,896.9,896.9,0.0,0.0,890.65,587.0,890.0,522814.0,18,6.9,24.0,0.78,2.74,0.7,1184.17,1251.72,1616.8,810.0
153,MKHC,17.72,251.2,259.3,251.2,256.5,256.5,0.0,0.0,255.9,12722.0,255.1,3255586.9,89,1.4,8.1,0.55,3.22,0.23,305.95,320.72,421.0,232.1
154,MKHL,43.59,499.9,505.0,490.1,505.0,505.0,0.0,0.0,500.3,3595.0,494.7,1798592.0,50,10.3,14.9,2.08,3.04,0.93,561.87,644.71,915.0,457.0
155,MKJC,30.08,267.4,281.9,265.3,280.0,280.0,0.0,0.0,274.45,22462.0,274.0,6164736.1,82,6.0,16.6,2.19,6.26,1.98,469.1,488.95,635.0,252.0
156,MLBBL,35.84,913.0,939.9,913.0,939.0,939.0,0.0,0.0,933.18,1310.0,938.9,1222461.4,35,0.1,26.9,0.01,2.95,0.62,1168.55,1243.6,1661.0,894.0
157,MLBL,42.16,342.4,355.0,342.4,354.9,354.9,0.0,0.0,351.91,16051.0,349.5,5648535.6,89,5.4,12.6,1.55,3.68,0.84,363.1,366.65,418.0,330.7
158,MLBLD89,42.61,1299.0,1381.2,1299.0,1341.0,1341.0,0.0,0.0,1376.01,3622.0,1311.0,4983907.8,10,30.0,82.2,2.29,6.33,-2.61,1237.05,0.0,1381.2,1212.1
159,MLBS,32.41,1000.0,1000.0,999.0,1000.0,1000.0,0.0,0.0,999.85,68.0,1000.0,67990.0,5,0.0,1.0,0.0,0.1,0.01,1234.52,1310.8,1666.0,967.0
160,MLBSL,36.3,1052.0,1137.9,1052.0,1076.0,1076.0,0.0,0.0,1098.85,1307.0,1075.1,1436194.4,33,0.9,85.9,0.08,8.17,-2.12,1675.35,1760.52,2272.5,1026.0
161,MMF1,34.78,8.9,8.95,8.9,8.95,8.95,0.0,0.0,8.93,900.0,9.06,8034.0,5,-0.11,0.05,-1.21,0.56,0.26,9.43,9.26,10.16,8.22
162,MMKJL,31.85,325.0,355.0,325.0,351.0,351.0,0.0,0.0,346.56,16411.0,342.0,5687463.4,68,9.0,30.0,2.63,9.23,1.26,484.77,521.74,699.9,309.0
163,MNBBL,24.55,326.5,335.0,324.4,332.3,332.3,0.0,0.0,331.85,51019.0,325.6,16930634.3,296,6.7,10.6,2.06,3.27,0.14,370.52,367.43,467.0,314.2
164,MNMF1,31.42,9.0,9.02,8.82,9.0,9.0,0.0,0.0,8.87,4500.0,9.02,39899.0,13,-0.02,0.2,-0.22,2.27,1.48,9.77,9.62,10.4,8.53
165,MPFL,28.79,570.0,571.0,535.0,537.0,537.0,0.0,0.0,547.36,21137.0,569.5,11569461.1,112,-32.5,36.0,-5.71,6.73,-1.93,624.62,625.73,744.0,491.0
166,MSHL,29.38,500.0,515.0,496.1,510.0,510.0,0.0,0.0,508.43,422.0,505.0,214558.3,15,5.0,18.9,0.99,3.81,0.31,664.83,722.86,953.7,481.0
167,MSLB,32.65,1150.1,1200.0,1150.1,1172.1,1172.1,0.0,0.0,1197.49,1184.0,1184.9,1417833.8,16,-12.8,49.9,-1.08,4.34,-2.17,1256.32,1281.84,1634.0,1089.9
168,NABBC,30.41,705.0,710.9,680.0,700.0,700.0,0.0,0.0,699.4,7722.0,698.0,5400753.5,56,2.0,30.9,0.29,4.54,0.09,950.18,1099.61,1835.0,662.0
169,NABIL,41.2,552.0,554.9,551.0,552.0,552.0,0.0,0.0,552.44,37182.0,552.5,20540997.7,301,-0.5,3.9,-0.09,0.71,-0.08,535.47,523.55,568.0,471.0
170,NABILD2089,32.42,1105.0,1105.0,1105.0,1105.0,1105.0,0.0,0.0,1105.0,19.0,1100.0,20995.0,1,5.0,0.0,0.45,0.0,0.0,1080.58,0.0,1154.0,1000.0
171,NADEP,33.59,676.0,690.0,671.0,680.0,680.0,0.0,0.0,676.45,800.0,676.0,541160.0,17,4.0,19.0,0.59,2.83,0.52,746.57,762.58,871.0,652.0
172,NBF2,19.17,9.74,9.74,9.72,9.72,9.72,0.0,0.0,9.73,800.0,10.0,7780.0,5,-0.28,0.02,-2.8,0.21,-0.05,9.99,9.84,10.7,8.89
173,NBF3,29.67,9.4,9.6,9.37,9.6,9.6,0.0,0.0,9.39,5199.0,9.4,48836.63,11,0.2,0.23,2.13,2.45,2.15,9.87,9.7,10.22,8.35
174,NBL,31.6,276.0,280.0,275.0,278.0,278.0,0.0,0.0,276.64,118261.0,276.0,32716249.5,169,2.0,5.0,0.72,1.82,0.49,270.34,261.97,302.9,225.4
175,NBLD85,38.11,1070.0,1071.0,1070.0,1070.0,1070.0,0.0,0.0,1070.04,1019.0,1040.0,1090370.6,5,30.0,1.0,2.88,0.09,0.0,1057.63,1048.68,1187.0,1020.0
176,NCCD86,39.11,1180.0,1241.0,1180.0,1241.0,1241.0,0.0,0.0,1240.59,12345.0,1155.0,15315089.0,8,86.0,61.0,7.45,5.17,0.03,1135.43,1107.44,1299.0,1052.0
177,NESDO,33.95,1301.0,1334.0,1301.0,1329.0,1329.0,0.0,0.0,1311.85,87.0,1339.9,114131.0,9,-10.9,33.0,-0.81,2.54,1.29,1512.08,1516.76,1682.0,1272.2
178,NFS,27.2,474.8,483.8,474.8,483.0,483.0,0.0,0.0,478.62,6361.0,471.0,3044475.6,66,12.0,9.0,2.55,1.9,0.91,584.77,603.31,725.0,465.0
179,NGPL,37.75,390.1,397.8,390.0,397.4,397.4,0.0,0.0,393.59,72583.0,390.0,28567591.4,239,7.4,7.8,1.9,2.0,0.96,430.24,425.28,502.0,343.0
180,NHDL,32.27,630.0,630.0,614.0,628.9,628.9,0.0,0.0,615.51,3456.0,618.0,2127214.5,27,10.9,16.0,1.76,2.61,2.13,639.25,652.55,796.0,606.2
181,NHPC,38.71,257.9,265.0,255.0,264.6,264.6,0.0,0.0,261.19,291214.0,255.7,76061365.8,643,8.9,10.0,3.48,3.92,1.29,279.62,256.78,340.0,178.6
182,NIBLGF,46.36,8.31,8.5,8.1,8.5,8.5,0.0,0.0,8.42,259482.0,8.51,2184421.0,8,-0.01,0.4,-0.12,4.94,0.96,9.34,9.25,11.81,8.1
183,NIBLSTF,46.36,8.26,8.4,8.16,8.4,8.4,0.0,0.0,8.17,449711.0,8.17,3675189.6,18,0.23,0.24,2.82,2.94,2.71,9.03,8.97,10.85,8.0
184,NIBSF2,35.76,8.4,8.4,8.4,8.4,8.4,0.0,0.0,8.4,100.0,8.46,840.0,1,-0.06,0.0,-0.71,0.0,0.0,9.11,9.03,11.13,8.1
185,NICA,31.28,305.0,310.0,303.1,308.4,308.4,0.0,0.0,307.11,14681.0,303.1,4508644.9,90,5.3,6.9,1.75,2.28,0.42,344.11,340.23,411.0,302.9
186,NICAD85/86,33.89,1120.0,1120.0,1120.0,1120.0,1120.0,0.0,0.0,1120.0,600.0,1120.0,672000.0,2,0.0,0.0,0.0,0.0,0.0,1125.8,1100.97,1264.0,1097.0
187,NICBF,28.58,8.47,8.47,8.47,8.47,8.47,0.0,0.0,8.47,100.0,8.63,847.0,1,-0.16,0.0,-1.85,0.0,0.0,9.45,9.29,11.2,8.45
188,NICFC,33.44,8.7,8.7,8.7,8.7,8.7,0.0,0.0,8.7,200.0,8.79,1740.0,2,-0.09,0.0,-1.02,0.0,0.0,9.29,9.22,9.89,8.37
189,NICGF2,37.34,8.7,8.7,8.7,8.7,8.7,0.0,0.0,8.7,200.0,8.96,1740.0,2,-0.26,0.0,-2.9,0.0,0.0,9.34,9.27,10.13,8.33
190,NICL,35.23,422.0,439.7,420.0,435.0,435.0,0.0,0.0,426.3,8603.0,419.0,3667466.3,38,16.0,19.7,3.82,4.69,2.0,504.03,505.18,578.0,408.0
191,NICLBSL,35.6,507.0,515.0,490.0,509.5,509.5,0.0,0.0,501.61,7177.0,506.0,3600062.0,109,3.5,25.0,0.69,5.1,1.55,568.61,567.73,679.0,490.0
192,NICSF,25.41,8.17,8.2,8.17,8.2,8.2,0.0,0.0,8.18,700.0,8.25,5725.0,3,-0.05,0.03,-0.61,0.37,0.26,9.15,9.06,9.97,8.04
193,NIFRA,31.67,240.0,245.0,238.0,244.0,244.0,0.0,0.0,242.02,43754.0,240.0,10589188.4,274,4.0,7.0,1.67,2.94,0.81,257.89,260.75,299.0,232.0
194,NIFRAGED,36.02,1035.0,1035.0,1011.1,1011.1,1011.1,0.0,0.0,1023.05,50.0,1040.3,51152.5,2,-29.2,23.9,-2.81,2.36,-1.18,1041.6,1029.06,1200.2,986.0
195,NIL,33.05,510.0,515.0,508.1,515.0,515.0,0.0,0.0,511.06,12106.0,510.0,6186863.3,68,5.0,6.9,0.98,1.36,0.77,616.95,619.99,685.0,502.8
196,NIMB,39.14,184.0,187.0,184.0,185.9,185.9,0.0,0.0,185.59,72399.0,182.0,13436608.7,255,3.9,3.0,2.14,1.63,0.17,198.29,196.88,232.5,181.0
197,NIMBPO,29.44,137.0,141.1,136.9,136.9,136.9,0.0,0.0,138.67,623.0,140.0,86391.0,8,-3.1,4.2,-2.21,3.07,-1.29,150.02,152.66,174.9,135.1
198,NLG,34.43,514.0,516.9,493.0,516.5,516.5,0.0,0.0,503.92,5130.0,503.5,2585092.9,40,13.0,23.9,2.58,4.85,2.44,595.6,625.65,773.7,477.1
199,NLIC,36.68,703.9,703.9,691.0,698.5,698.5,0.0,0.0,698.56,13160.0,699.0,9193015.7,113,-0.5,12.9,-0.07,1.87,-0.01,757.06,765.51,872.0,680.5
200,NLICL,39.85,551.0,558.0,546.2,558.0,558.0,0.0,0.0,551.69,7668.0,558.0,4230372.4,36,0.0,11.8,0.0,2.16,1.13,581.58,585.6,644.0,538.4
201,NMB,39.73,251.3,251.3,238.0,242.0,242.0,0.0,0.0,240.65,32518.0,239.4,7825311.3,110,2.6,13.3,1.09,5.59,0.56,244.46,243.66,272.0,230.0
202,NMBHF2,25.11,9.0,9.06,8.9,8.91,8.91,0.0,0.0,8.99,780.0,9.05,7012.0,6,-0.14,0.16,-1.55,1.8,-0.89,9.64,9.55,10.2,8.36
203,NMBMF,32.51,584.0,584.9,573.1,575.1,575.1,0.0,0.0,575.66,935.0,574.0,538242.3,11,1.1,11.8,0.19,2.06,-0.1,633.64,651.26,750.0,570.0
204,NMFBS,38.58,1125.0,1137.0,1121.0,1125.0,1125.0,0.0,0.0,1129.46,2813.0,1130.7,3177173.4,29,-5.7,16.0,-0.5,1.43,-0.4,1128.17,1146.68,1370.0,1051.9
205,NMIC,42.27,785.0,797.7,780.0,797.7,797.7,0.0,0.0,787.86,3761.0,776.2,2963129.4,75,21.5,17.7,2.77,2.27,1.23,1015.53,1109.24,1525.0,765.3
206,NMLBBL,43.61,485.0,511.9,469.0,497.0,497.0,0.0,0.0,489.79,14672.0,478.0,7186154.9,104,19.0,42.9,3.97,9.15,1.45,569.59,593.06,697.6,468.4
207,NRIC,33.7,787.0,798.0,787.0,797.0,797.0,0.0,0.0,790.51,11135.0,791.6,8802357.1,157,5.4,11.0,0.68,1.4,0.81,966.75,1067.6,1599.3,780.0
208,NRM,33.35,275.0,285.0,275.0,283.0,283.0,0.0,0.0,281.12,5358.0,275.0,1506256.8,72,8.0,10.0,2.91,3.64,0.66,353.56,379.47,470.0,270.9
209,NRN,45.27,1360.0,1440.0,1360.0,1439.0,1439.0,0.0,0.0,1428.09,129615.0,1419.0,185101897.2,611,20.0,80.0,1.41,5.88,0.76,1436.81,1451.01,2175.0,1280.0
210,NSIF2,34.39,9.65,10.09,9.65,10.09,10.09,0.0,0.0,10.06,9175.0,9.9,92320.25,6,0.19,0.44,1.92,4.56,0.28,10.7,10.63,11.45,9.65
211,NSY,37.85,8.92,9.33,8.92,9.33,9.33,0.0,0.0,9.01,2700.0,8.99,24323.0,18,0.34,0.41,3.78,4.6,3.45,9.48,0.0,10.19,8.85
212,NTC,28.35,889.0,889.0,875.0,884.0,884.0,0.0,0.0,880.15,6278.0,883.1,5525585.2,127,0.9,14.0,0.1,1.6,0.44,870.5,869.48,942.5,762.5
213,NUBL,41.89,556.0,570.0,556.0,570.0,570.0,0.0,0.0,562.44,11532.0,556.0,6486114.6,46,14.0,14.0,2.52,2.52,1.33,644.24,668.6,802.0,555.1
214,NWCL,33.48,575.1,585.0,571.0,583.9,583.9,0.0,0.0,573.81,1819.0,585.0,1043756.0,36,-1.1,14.0,-0.19,2.45,1.73,754.74,791.61,1045.0,571.0
215,NYADI,38.09,336.1,355.3,336.1,351.9,351.9,0.0,0.0,350.09,1939.0,344.0,678818.6,34,7.9,19.2,2.3,5.71,0.52,386.39,390.54,482.0,335.3
216,OHL,35.08,600.1,619.0,600.1,619.0,619.0,0.0,0.0,615.69,935.0,601.0,575668.5,10,18.0,18.9,3.0,3.15,0.54,686.32,695.13,785.0,590.0
217,OMPL,23.76,876.0,890.0,852.0,853.0,853.0,0.0,0.0,877.91,2026.0,888.5,1778646.4,59,-35.5,38.0,-4.0,4.46,-2.92,1076.0,1159.26,1575.9,846.0
218,PBD93,21.36,1026.0,1031.0,1020.0,1026.0,1026.0,0.0,0.0,1026.81,7429.0,1026.0,7628139.8,86,0.0,11.0,0.0,1.08,-0.08,0.0,0.0,1035.0,1000.0
219,PCBL,41.02,239.0,241.0,236.2,241.0,241.0,0.0,0.0,239.33,40689.0,239.5,9738208.2,101,1.5,4.8,0.63,2.03,0.69,241.21,242.06,275.9,225.0
220,PCIL,21.97,598.9,610.0,594.1,607.2,607.2,0.0,0.0,603.28,22884.0,598.9,13805359.0,604,8.3,15.9,1.39,2.68,0.65,0.0,0.0,1280.0,300.0
221,PHCL,36.35,296.6,305.0,296.6,305.0,305.0,0.0,0.0,300.75,60529.0,296.2,18203802.1,243,8.8,8.4,2.97,2.83,1.4,307.17,299.35,420.0,249.7
222,PMHPL,40.73,304.0,304.0,296.0,302.8,302.8,0.0,0.0,300.24,6113.0,298.0,1835347.5,30,4.8,8.0,1.61,2.7,0.85,333.68,335.54,428.0,287.0
223,PMLI,38.75,398.0,405.6,398.0,405.6,405.6,0.0,0.0,403.64,3357.0,398.0,1355033.4,75,7.6,7.6,1.91,1.91,0.48,456.91,471.43,543.6,392.6
224,PPCL,34.92,325.0,334.7,322.0,334.7,334.7,0.0,0.0,328.03,16980.0,331.9,5569949.5,76,2.8,12.7,0.84,3.94,1.99,366.69,366.47,462.0,284.1
225,PPL,38.47,288.8,318.0,288.8,317.0,317.0,0.0,0.0,310.08,21373.0,304.0,6627412.6,163,13.0,29.2,4.28,10.11,2.18,343.88,348.24,425.0,263.2
226,PRIN,26.7,593.0,593.0,583.2,592.1,592.1,0.0,0.0,589.42,1733.0,590.0,1021468.6,24,2.1,9.8,0.36,1.68,0.45,677.0,687.55,794.9,564.4
227,PROFL,30.87,370.0,378.0,370.0,371.0,371.0,0.0,0.0,373.2,3192.0,368.1,1191257.0,30,2.9,8.0,0.79,2.16,-0.59,438.57,447.62,522.0,360.1
228,PRSF,20.68,11.79,11.8,11.62,11.62,11.62,0.0,0.0,11.78,12100.0,11.7,142532.0,5,-0.08,0.18,-0.68,1.55,-1.37,12.71,12.16,13.61,9.85
229,PRVU,40.49,180.0,184.5,180.0,181.5,181.5,0.0,0.0,181.96,117184.0,179.2,21322948.7,244,2.3,4.5,1.28,2.5,-0.25,196.31,193.62,235.6,169.7
230,PSF,21.33,10.8,10.86,10.54,10.83,10.83,0.0,0.0,10.76,9160.0,10.89,98604.6,18,-0.06,0.32,-0.55,3.04,0.6,12.02,11.66,13.0,9.91
231,PURE,41.38,774.9,774.9,750.0,764.0,764.0,0.0,0.0,765.11,7236.0,768.0,5536370.0,39,-4.0,24.9,-0.52,3.32,-0.15,879.99,925.39,1262.0,662.0
232,RADHI,37.01,670.0,695.0,670.0,692.0,692.0,0.0,0.0,684.27,23157.0,677.0,15845543.1,118,15.0,25.0,2.22,3.73,1.12,755.37,772.81,940.0,618.8
233,RAWA,44.16,404.0,408.0,399.2,407.0,407.0,0.0,0.0,403.21,23331.0,400.0,9407352.6,125,7.0,8.8,1.75,2.2,0.93,526.52,595.4,851.7,379.0
234,RBBD2088,30.09,1073.0,1073.0,1073.0,1073.0,1073.0,0.0,0.0,1073.0,30.0,1095.0,32190.0,2,-22.0,0.0,-2.01,0.0,0.0,1063.05,0.0,1157.0,994.1
235,RBBF40,33.77,9.0,9.27,8.9,9.0,9.0,0.0,0.0,9.01,1600.0,9.2,14417.0,8,-0.2,0.37,-2.17,4.16,-0.12,9.36,0.0,10.36,8.73
236,RBCL,39.41,13579.0,13620.0,13579.0,13620.0,13620.0,0.0,0.0,13592.25,40.0,13250.0,543690.0,4,370.0,41.0,2.79,0.3,0.2,14765.78,14842.31,16261.0,13106.0
237,RBCLPO,29.94,11200.0,11200.0,11200.0,11200.0,11200.0,0.0,0.0,11200.0,10.0,11546.3,112000.0,1,-346.3,0.0,-3.0,0.0,0.0,11877.03,11946.87,13420.9,10554.0
238,RFPL,41.3,323.9,335.0,323.0,334.5,334.5,0.0,0.0,331.13,19374.0,326.9,6415324.7,142,7.6,12.0,2.32,3.72,1.01,359.52,369.74,464.2,306.0
239,RHGCL,40.99,245.0,264.9,245.0,261.1,261.1,0.0,0.0,258.36,79923.0,245.9,20648525.8,298,15.2,19.9,6.18,8.12,1.05,280.76,277.67,353.0,217.2
240,RHPL,30.15,175.3,175.3,163.3,169.8,169.8,0.0,0.0,167.19,104056.0,167.0,17397161.6,279,2.8,12.0,1.68,7.35,1.54,265.3,271.13,325.0,156.0
241,RIDI,39.45,346.0,351.0,343.2,351.0,351.0,0.0,0.0,347.49,253155.0,346.8,87970054.4,478,4.2,7.8,1.21,2.27,1.0,353.18,322.62,415.0,203.5
242,RLEL,35.63,733.0,759.0,704.3,759.0,759.0,0.0,0.0,728.83,16617.0,755.0,12110966.4,236,4.0,54.7,0.53,7.77,3.97,0.0,0.0,1592.3,300.0
243,RLFL,35.59,420.0,420.0,410.0,419.0,419.0,0.0,0.0,412.03,11241.0,415.9,4631603.7,50,3.1,10.0,0.75,2.44,1.66,454.28,451.32,514.9,398.0
244,RMF1,42.79,9.32,9.69,9.32,9.69,9.69,0.0,0.0,9.57,26000.0,9.41,248813.0,7,0.28,0.37,2.98,3.97,1.24,9.77,9.65,11.02,8.65
245,RMF2,37.81,9.75,9.75,9.75,9.75,9.75,0.0,0.0,9.75,410.0,9.75,3997.5,3,0.0,0.0,0.0,0.0,0.0,10.06,9.86,10.71,8.82
246,RNLI,43.99,411.6,429.9,411.6,429.9,429.9,0.0,0.0,421.85,43851.0,412.0,18498487.8,205,17.9,18.3,4.34,4.45,1.87,453.23,459.88,520.2,402.0
247,RSDC,40.58,613.0,629.9,613.0,625.0,625.0,0.0,0.0,619.09,2068.0,615.0,1280278.0,41,10.0,16.9,1.63,2.76,0.95,661.61,658.19,763.0,578.7
248,RSML,31.88,2840.0,2970.0,2840.0,2930.0,2930.0,0.0,0.0,2924.03,50599.0,2910.0,147953071.3,581,20.0,130.0,0.69,4.58,0.2,3269.39,0.0,5049.0,300.0
249,RSY,38.59,9.17,9.44,9.17,9.44,9.44,0.0,0.0,9.17,80496.0,9.4,738421.32,15,0.04,0.27,0.43,2.94,2.82,10.18,10.01,10.7,8.71
250,RSY2,36.29,8.9,9.09,8.64,9.05,9.05,0.0,0.0,8.94,6300.0,8.9,56321.0,34,0.15,0.45,1.69,5.21,1.22,0.0,0.0,10.0,8.42
251,RURU,40.76,565.0,598.9,565.0,582.0,582.0,0.0,0.0,581.96,2878.0,582.0,1674889.3,29,0.0,33.9,0.0,6.0,0.01,638.93,653.86,830.0,560.1
252,SABBL,37.22,889.0,900.0,880.0,899.6,899.6,0.0,0.0,889.77,5023.0,889.0,4469332.6,118,10.6,20.0,1.19,2.27,1.09,1166.75,0.0,2000.0,300.0
253,SADBL,41.6,407.0,411.0,401.4,411.0,411.0,0.0,0.0,409.09,15136.0,407.9,6192012.3,48,3.1,9.6,0.76,2.39,0.46,415.38,413.25,463.0,376.0
254,SAEF2,28.94,8.97,9.23,8.97,9.0,9.0,0.0,0.0,9.01,5550.0,9.0,50001.0,34,0.0,0.26,0.0,2.9,-0.1,0.0,0.0,10.0,8.76
255,SAGAR,33.45,1520.0,1558.9,1518.0,1558.9,1558.9,0.0,0.0,1538.13,2791.0,1538.0,4292934.1,69,20.9,40.9,1.36,2.69,1.33,1706.01,1793.31,2439.0,319.5
256,SAGF,21.28,9.3,9.4,9.3,9.4,9.4,0.0,0.0,9.38,500.0,9.4,4690.0,3,0.0,0.1,0.0,1.08,0.21,10.12,10.0,11.31,8.79
257,SAHAS,32.02,686.0,694.0,680.0,691.0,691.0,0.0,0.0,688.72,90495.0,688.0,62325794.9,362,3.0,14.0,0.44,2.06,0.33,652.21,622.12,716.6,535.3
258,SAIL,39.42,999.0,1016.0,982.0,1008.8,1008.8,0.0,0.0,995.77,20798.0,999.0,20709948.9,279,9.8,34.0,0.98,3.46,1.29,1098.08,1126.1,1690.0,301.7
259,SALICO,36.98,520.0,528.1,520.0,525.3,525.3,0.0,0.0,524.22,7385.0,525.9,3871340.8,38,-0.6,8.1,-0.11,1.56,0.21,598.74,600.06,695.0,512.0
260,SAND2085,15.34,1144.9,1145.0,1144.9,1145.0,1145.0,0.0,0.0,1144.95,439.0,1115.5,502634.5,2,29.5,0.1,2.64,0.01,0.0,1124.05,1103.0,1245.0,1086.5
261,SANIMA,44.04,369.9,371.0,363.0,370.0,370.0,0.0,0.0,368.7,238384.0,368.1,87891602.9,251,1.9,8.0,0.52,2.2,0.35,360.22,350.2,390.6,295.0
262,SANVI,44.03,547.1,580.0,547.1,580.0,580.0,0.0,0.0,567.51,22646.0,555.0,12851770.9,179,25.0,32.9,4.5,6.01,2.15,666.36,707.4,1060.0,536.0
263,SAPDBL,29.66,611.0,648.0,611.0,635.0,635.0,0.0,0.0,627.06,24118.0,629.5,15123393.6,211,5.5,37.0,0.87,6.06,1.25,812.61,822.05,1065.7,595.7
264,SAPIL,29.7,1204.6,1375.0,1204.6,1370.0,1370.0,0.0,0.0,1317.63,53992.0,1268.0,71141539.3,1366,102.0,170.4,8.04,14.15,3.82,0.0,0.0,1604.0,300.0
265,SARBTM,25.47,785.0,795.0,781.0,794.5,794.5,0.0,0.0,788.93,7947.0,784.1,6269615.5,64,10.4,14.0,1.33,1.79,0.7,828.38,845.03,942.4,750.0
266,SBCF,34.66,9.06,9.33,9.06,9.33,9.33,0.0,0.0,9.27,4700.0,9.05,43576.0,12,0.28,0.27,3.09,2.98,0.63,9.7,9.58,11.16,8.73
267,SBD87,29.27,1062.0,1062.0,1062.0,1062.0,1062.0,0.0,0.0,1062.0,25.0,1062.0,26550.0,1,0.0,0.0,0.0,0.0,0.0,1088.38,1073.44,1210.0,1055.0
268,SBI,41.05,401.0,404.9,397.0,404.3,404.3,0.0,0.0,400.75,66517.0,403.9,26656933.1,59,0.4,7.9,0.1,1.99,0.88,402.22,403.43,441.0,363.0
269,SBL,42.52,418.1,421.7,412.6,419.0,419.0,0.0,0.0,418.22,107170.0,417.8,44820375.0,158,1.2,9.1,0.29,2.21,0.19,400.32,393.16,442.5,320.5
270,SBLD2091,46.36,1115.0,1194.8,1110.0,1194.8,1194.8,0.0,0.0,1140.6,7758.0,1118.9,8848808.5,32,75.9,84.8,6.78,7.64,4.54,1080.74,0.0,1194.8,825.35
271,SCB,42.8,647.1,652.0,645.0,648.0,648.0,0.0,0.0,650.04,10449.0,645.1,6792318.5,58,2.9,7.0,0.45,1.09,-0.32,651.0,646.65,712.6,594.9
272,SEF,39.59,9.6,9.6,9.55,9.6,9.6,0.0,0.0,9.59,42700.0,9.58,409610.0,9,0.02,0.05,0.21,0.52,0.08,9.97,9.84,11.53,8.6
273,SEF2,30.16,8.6,9.0,8.5,8.87,8.87,0.0,0.0,8.7,7390.0,8.71,64285.0,50,0.16,0.5,1.84,5.88,1.93,0.0,0.0,10.0,8.5
274,SGHC,38.36,294.0,296.0,286.0,296.0,296.0,0.0,0.0,292.09,19715.0,287.0,5758622.8,106,9.0,10.0,3.14,3.5,1.32,352.86,369.66,487.6,280.0
275,SGHL,35.37,485.0,501.9,481.1,496.1,496.1,0.0,0.0,496.42,52881.0,486.0,26251418.7,1254,10.1,20.8,2.08,4.32,-0.07,0.0,0.0,587.0,299.3
276,SGIC,29.16,377.0,380.5,376.0,380.5,380.5,0.0,0.0,378.77,5826.0,376.0,2206733.9,72,4.5,4.5,1.2,1.2,0.45,467.72,471.84,538.5,370.3
277,SHEL,42.71,291.1,299.8,291.0,299.8,299.8,0.0,0.0,296.24,83228.0,291.0,24655065.2,259,8.8,8.8,3.02,3.02,1.19,309.89,304.17,361.0,262.0
278,SHINE,43.45,415.0,422.0,414.2,422.0,422.0,0.0,0.0,418.38,24159.0,417.0,10107661.9,87,5.0,7.8,1.2,1.88,0.86,411.49,409.49,449.7,382.0
279,SHIVM,28.88,659.0,667.0,654.0,663.0,663.0,0.0,0.0,661.77,104620.0,653.6,69234644.8,418,9.4,13.0,1.44,1.99,0.19,658.36,643.39,730.0,524.0
280,SHL,40.84,501.9,506.0,497.5,505.3,505.3,0.0,0.0,503.22,22053.0,501.9,11097615.0,56,3.4,8.5,0.68,1.71,0.41,501.01,499.41,559.8,464.0
281,SHLB,39.63,1220.0,1265.0,1220.0,1265.0,1265.0,0.0,0.0,1253.64,328.0,1245.0,411194.0,6,20.0,45.0,1.61,3.69,0.9,1478.34,1529.64,1961.0,1220.0
282,SHPC,37.34,512.3,517.8,510.2,517.7,517.7,0.0,0.0,514.06,58697.0,512.3,30173953.3,144,5.4,7.6,1.05,1.49,0.7,513.68,521.8,588.0,475.0
283,SICL,39.47,540.0,552.0,540.0,550.0,550.0,0.0,0.0,548.15,6747.0,546.0,3698341.0,48,4.0,12.0,0.73,2.22,0.34,618.75,624.12,712.2,508.0
284,SIFC,32.34,465.0,475.0,465.0,470.0,470.0,0.0,0.0,471.27,4554.0,466.8,2146185.0,29,3.2,10.0,0.69,2.15,-0.27,535.86,543.71,687.4,450.0
285,SIGS3,25.51,10.0,10.31,10.0,10.13,10.13,0.0,0.0,10.01,4400.0,10.08,44059.0,5,0.05,0.31,0.5,3.1,1.15,10.66,10.44,11.58,8.5
286,SIKLES,26.85,568.1,572.0,556.0,565.0,565.0,0.0,0.0,559.77,10649.0,561.0,5960949.2,49,4.0,16.0,0.71,2.88,0.93,582.6,589.54,804.0,536.3
287,SINDU,25.53,341.8,413.0,329.8,394.0,394.0,0.0,0.0,385.87,142459.0,359.7,54970441.1,1155,34.3,83.2,9.54,25.23,2.06,711.13,726.69,919.9,329.8
288,SIPD,45.59,640.4,640.4,591.7,607.9,607.9,0.0,0.0,616.26,35658.0,610.0,21974482.1,310,-2.1,48.7,-0.34,8.23,-1.37,0.0,0.0,1216.8,284.3
289,SJCL,29.19,226.0,236.9,226.0,232.1,232.1,0.0,0.0,232.75,8360.0,230.2,1945811.4,75,1.9,10.9,0.83,4.82,-0.28,289.19,291.32,365.0,214.2
290,SJLIC,44.31,398.8,410.0,398.2,406.0,406.0,0.0,0.0,402.06,26290.0,402.0,10570046.0,127,4.0,11.8,1.0,2.96,0.97,426.6,435.05,489.9,386.0
291,SKBBL,38.8,750.0,760.0,750.0,757.7,757.7,0.0,0.0,756.08,5199.0,753.0,3930834.0,64,4.7,10.0,0.62,1.33,0.21,762.56,773.97,910.0,735.0
292,SKHEL,32.99,844.9,844.9,815.0,830.0,830.0,0.0,0.0,819.5,2281.0,825.0,1869285.6,49,5.0,29.9,0.61,3.67,1.26,0.0,0.0,2069.4,284.3
293,SKHL,28.11,735.0,743.0,730.0,736.0,736.0,0.0,0.0,737.1,4971.0,732.0,3664130.6,91,4.0,13.0,0.55,1.78,-0.15,0.0,0.0,1360.0,300.0
294,SLBBL,36.21,784.5,799.0,784.5,790.8,790.8,0.0,0.0,790.52,466.0,798.8,368383.9,17,-8.0,14.5,-1.0,1.85,0.03,815.66,830.06,960.6,761.9
295,SLBSL,28.99,864.0,870.0,845.0,870.0,870.0,0.0,0.0,861.75,478.0,870.0,411917.0,14,0.0,25.0,0.0,2.96,0.95,1160.01,1214.54,1525.0,840.0
296,SLCF,26.19,9.0,9.0,9.0,9.0,9.0,0.0,0.0,9.0,100.0,9.0,900.0,1,0.0,0.0,0.0,0.0,0.0,9.86,9.72,10.7,8.6
297,SMATA,35.99,688.0,696.0,683.0,694.0,694.0,0.0,0.0,689.1,654.0,685.0,450674.3,25,9.0,13.0,1.31,1.9,0.71,758.49,771.34,999.0,665.1
298,SMB,35.86,1777.0,1777.0,1742.0,1742.0,1742.0,0.0,0.0,1750.98,192.0,1750.0,336188.0,12,-8.0,35.0,-0.46,2.01,-0.52,1809.1,1841.05,2310.3,1699.0
299,SMFBS,35.83,1355.7,1428.0,1355.0,1399.0,1399.0,0.0,0.0,1395.79,154.0,1388.0,214951.8,16,11.0,73.0,0.79,5.39,0.23,1561.47,1603.28,1808.0,1285.0
300,SMH,39.03,490.0,503.9,490.0,502.0,502.0,0.0,0.0,499.62,4442.0,495.4,2219331.5,31,6.6,13.9,1.33,2.84,0.47,554.99,613.83,1024.8,482.6
301,SMHL,21.63,445.0,465.0,445.0,462.0,462.0,0.0,0.0,461.5,53069.0,459.0,24491223.1,194,3.0,20.0,0.65,4.49,0.11,498.67,516.91,978.0,443.0
302,SMJC,34.63,396.0,409.0,396.0,405.0,405.0,0.0,0.0,402.68,8309.0,403.9,3345860.9,74,1.1,13.0,0.27,3.28,0.57,456.44,468.68,580.0,393.0
303,SMPDA,39.9,707.0,735.0,707.0,733.0,733.0,0.0,0.0,729.53,969.0,720.0,706919.4,21,13.0,28.0,1.81,3.96,0.47,812.07,836.83,1064.0,707.0
304,SNLI,40.71,383.4,391.9,382.0,391.9,391.9,0.0,0.0,387.13,13099.0,381.0,5070990.1,181,10.9,9.9,2.86,2.59,1.22,439.1,452.49,528.3,375.0
305,SNORL,42.99,868.2,894.0,868.2,889.0,889.0,0.0,0.0,882.06,21233.0,883.0,18728677.4,264,6.0,25.8,0.68,2.97,0.78,0.0,0.0,1017.1,298.7
306,SOHL,36.59,640.0,654.0,630.0,654.0,654.0,0.0,0.0,644.46,193154.0,640.0,124479655.2,967,14.0,24.0,2.19,3.81,1.46,659.25,0.0,875.5,300.0
307,SONA,22.47,406.3,406.3,387.0,391.7,391.7,0.0,0.0,391.69,30121.0,387.0,11797959.4,247,4.7,19.3,1.21,4.99,0.0,430.12,430.52,510.0,380.0
308,SOPL,38.05,720.0,745.0,720.0,740.0,740.0,0.0,0.0,734.84,14843.0,726.7,10907247.7,507,13.3,25.0,1.83,3.47,0.7,0.0,0.0,1217.0,276.5
309,SPC,33.08,361.7,390.0,361.7,390.0,390.0,0.0,0.0,382.41,5731.0,380.7,2191587.4,56,9.3,28.3,2.44,7.82,1.95,446.89,470.11,577.0,361.7
310,SPDL,33.31,336.0,346.0,336.0,345.0,345.0,0.0,0.0,344.09,18850.0,341.0,6486065.5,90,4.0,10.0,1.17,2.98,0.26,390.36,395.99,474.0,326.0
311,SPHL,33.55,500.0,519.7,500.0,516.0,516.0,0.0,0.0,514.64,13535.0,513.4,6965687.4,81,2.6,19.7,0.51,3.94,0.26,545.24,550.87,708.0,477.1
312,SPIL,26.17,577.0,577.0,560.1,577.0,577.0,0.0,0.0,572.27,2640.0,577.0,1510782.6,38,0.0,16.9,0.0,3.02,0.82,701.31,707.28,792.0,560.1
313,SPL,23.68,604.0,639.0,604.0,639.0,639.0,0.0,0.0,624.8,1234.0,621.0,771002.3,26,18.0,35.0,2.9,5.79,2.22,688.72,733.65,1000.0,590.0
314,SRBLD83,30.78,1020.0,1020.0,1020.0,1020.0,1020.0,0.0,0.0,1020.0,25.0,1020.0,25500.0,1,0.0,0.0,0.0,0.0,0.0,1074.64,1061.54,1125.0,1006.1
315,SRLI,36.46,355.0,357.0,350.8,357.0,357.0,0.0,0.0,354.61,7310.0,355.0,2592194.1,110,2.0,6.2,0.56,1.77,0.67,386.41,390.03,437.7,348.0
316,SSHL,50.53,200.0,214.0,200.0,212.3,212.3,0.0,0.0,209.16,593275.0,200.4,124091535.0,1426,11.9,14.0,5.94,7.0,1.48,210.47,200.09,251.0,151.0
317,STC,44.47,5464.0,5627.0,5276.0,5400.1,5400.1,0.0,0.0,5479.78,1615.0,5369.9,8849848.2,59,30.2,351.0,0.56,6.65,-1.48,5485.88,5530.01,6335.9,4832.0
318,SWASTIK,33.4,1785.0,1817.0,1772.1,1817.0,1817.0,0.0,0.0,1788.8,460.0,1800.9,822850.0,18,16.1,44.9,0.89,2.53,1.55,2282.6,2454.77,3400.0,391.7
319,SWBBL,36.21,670.0,684.6,667.0,684.6,684.6,0.0,0.0,677.7,1673.0,670.0,1133785.0,34,14.6,17.6,2.18,2.64,1.01,715.06,727.73,855.0,630.5
320,SWMF,38.05,606.9,606.9,575.0,585.0,585.0,0.0,0.0,581.0,1388.0,578.0,806429.0,21,7.0,31.9,1.21,5.55,0.68,646.72,657.96,754.0,571.1
321,SYPNL,40.93,1354.9,1354.9,1308.0,1311.0,1311.0,0.0,0.0,1320.69,33320.0,1321.0,44005397.1,442,-10.0,46.9,-0.76,3.59,-0.74,1475.66,0.0,2255.9,319.8
322,TAMOR,26.13,488.5,497.0,488.1,497.0,497.0,0.0,0.0,494.48,148360.0,489.0,73360501.4,304,8.0,8.9,1.64,1.82,0.51,453.56,450.65,528.1,396.4
323,TPC,42.66,345.1,360.0,345.1,357.7,357.7,0.0,0.0,358.02,15889.0,353.5,5688646.1,86,4.2,14.9,1.19,4.32,-0.09,368.71,372.65,450.0,270.1
324,TPKHL,26.9,464.2,508.4,464.2,499.0,499.0,0.0,0.0,494.07,22099.0,488.0,10918431.9,457,11.0,44.2,2.25,9.52,0.99,0.0,0.0,772.5,300.0
325,TRH,18.7,788.0,790.0,775.3,776.0,776.0,0.0,0.0,781.04,1281.0,771.0,1000513.0,10,5.0,14.7,0.65,1.9,-0.65,774.3,761.41,914.5,681.1
326,TSHL,43.59,335.0,354.0,330.0,347.5,347.5,0.0,0.0,341.14,9500.0,340.0,3240830.2,64,7.5,24.0,2.21,7.27,1.83,512.19,595.94,900.0,308.1
327,TTL,36.44,671.1,685.1,671.0,683.0,683.0,0.0,0.0,680.27,4692.0,680.0,3191843.0,139,3.0,14.1,0.44,2.1,0.4,781.89,813.47,1173.0,665.0
328,TVCL,22.96,275.0,293.9,268.1,282.0,282.0,0.0,0.0,274.81,5424.0,283.0,1490561.3,60,-1.0,25.8,-0.35,9.62,2.55,501.38,502.83,689.0,268.1
329,UAIL,37.01,358.0,373.8,354.2,373.8,373.8,0.0,0.0,361.47,16917.0,360.0,6114918.3,177,13.8,19.6,3.83,5.53,3.3,447.79,451.7,519.1,354.1
330,UHEWA,40.32,580.0,615.0,580.0,591.8,591.8,0.0,0.0,590.66,43149.0,585.0,25486283.3,251,6.8,35.0,1.16,6.03,0.19,593.81,587.46,692.6,521.0
331,ULBSL,28.24,2400.0,2763.3,2381.1,2763.3,2763.3,0.0,0.0,2463.37,3761.0,2500.0,9264718.0,100,263.3,382.2,10.53,16.05,10.85,2910.05,3060.8,4325.0,2310.0
332,ULHC,37.74,320.0,331.6,313.1,323.1,323.1,0.0,0.0,322.39,11612.0,320.0,3743628.8,124,3.1,18.5,0.97,5.91,0.22,434.41,455.17,599.0,260.0
333,UMHL,22.88,545.0,546.0,542.0,544.9,544.9,0.0,0.0,543.52,23250.0,552.6,12636876.0,171,-7.7,4.0,-1.39,0.74,0.25,586.77,592.88,706.0,495.0
334,UMRH,40.0,512.0,514.9,507.2,514.9,514.9,0.0,0.0,511.77,6347.0,514.0,3248219.3,52,0.9,7.7,0.18,1.52,0.61,536.04,544.43,622.0,500.7
335,UNHPL,36.4,350.0,367.0,341.0,350.4,350.4,0.0,0.0,353.33,31055.0,346.9,10972543.4,92,3.5,26.0,1.01,7.62,-0.84,430.38,448.96,571.0,340.1
336,UNL,38.16,47200.0,47200.0,47200.0,47200.0,47200.0,0.0,0.0,48000.0,1.0,47200.0,48000.0,1,0.0,0.0,0.0,0.0,-1.69,46940.66,47021.26,49738.9,45200.0
337,UNLB,32.28,1211.5,1238.8,1199.0,1226.0,1226.0,0.0,0.0,1211.39,391.0,1227.8,473653.0,13,-1.8,39.8,-0.15,3.32,1.19,1402.66,1567.27,2306.0,1187.0
338,UPCL,25.89,335.0,339.0,329.0,332.8,332.8,0.0,0.0,334.25,41448.0,331.1,13853811.1,112,1.7,10.0,0.51,3.04,-0.43,365.19,368.56,430.4,318.4
339,UPPER,43.17,184.2,189.9,184.1,189.9,189.9,0.0,0.0,187.0,103694.0,185.0,19390372.7,378,4.9,5.8,2.65,3.15,1.53,201.38,195.87,242.6,166.0
340,USHEC,42.31,495.0,507.9,485.0,495.0,495.0,0.0,0.0,500.45,22554.0,494.5,11287227.5,46,0.5,22.9,0.1,4.72,-1.1,497.75,489.61,539.1,432.0
341,USHL,44.16,500.1,520.0,493.0,519.9,519.9,0.0,0.0,504.97,3446.0,508.0,1740127.1,27,11.9,27.0,2.34,5.48,2.87,596.41,664.9,945.0,468.1
342,USLB,33.35,997.0,1012.0,990.0,1012.0,1012.0,0.0,0.0,998.38,1265.0,997.9,1262948.0,34,14.1,22.0,1.41,2.22,1.35,1238.65,1318.98,2412.0,941.0
343,VLBS,33.73,602.0,610.0,598.0,610.0,610.0,0.0,0.0,603.25,2035.0,602.0,1227613.5,43,8.0,12.0,1.33,2.01,1.11,701.82,723.77,876.0,591.7
344,VLUCL,32.91,365.0,380.0,364.1,378.0,378.0,0.0,0.0,373.65,2501.0,374.0,934487.2,36,4.0,15.9,1.07,4.37,1.15,470.92,505.44,652.0,363.3
345,YMHL,32.36,548.0,560.0,543.1,555.1,555.1,0.0,0.0,553.84,11324.0,559.0,6271702.3,338,-3.9,16.9,-0.7,3.11,0.23,0.0,0.0,797.6,300.0
,,,,,,,,,,,,,,,,,,,,,,,
,,,,,,,,,,,,,,,,,,,,,,,
Sub Index,Open,High,Low,Close,Point,% Change,Turnover,,,,,,,,,,,,,,,,
Banking SubIndex,1441.48,1449.7,1438.39,1449.19,11.23,0.78,427023686.5,,,,,,,,,,,,,,,,
Development Bank Index,5291.66,5350.68,5275.4,5350.68,56.05,1.05,224103436.4,,,,,,,,,,,,,,,,
Finance Index,2181.4,2201.32,2175.89,2193.75,10.16,0.46,92277627.24,,,,,,,,,,,,,,,,
Hotels And Tourism,6907.73,7025.2,6907.73,7025.2,72.75,1.04,118428259.0,,,,,,,,,,,,,,,,
HydroPower Index,3478.41,3541.79,3463.4,3541.79,63.9,1.83,2280084181.3,,,,,,,,,,,,,,,,
Investment,93.62,95.45,93.17,95.39,1.48,1.58,268195639.9,,,,,,,,,,,,,,,,
Life Insurance,11189.78,11299.25,11142.33,11299.25,109.46,0.97,84117159.9,,,,,,,,,,,,,,,,
Manufacturing And Processing,10433.07,10551.73,10423.67,10539.22,80.77,0.77,473161043.5,,,,,,,,,,,,,,,,
Microfinance Index,4370.07,4434.35,4368.52,4434.35,42.67,0.97,185653895.2,,,,,,,,,,,,,,,,
Mutual Fund,19.48,19.5,19.33,19.5,0.01,0.09,9611063.02,,,,,,,,,,,,,,,,
Non Life Insurance,9262.31,9422.06,9207.69,9422.06,159.74,1.72,43948112.0,,,,,,,,,,,,,,,,
Others Index,1776.31,1791.86,1775.18,1791.17,7.58,0.42,56673778.9,,,,,,,,,,,,,,,,
Trading Index,3179.06,3243.72,3089.68,3223.8,44.74,1.4,9790803.2,,,,,,,,,,,,,,,,
NEPSE Index,2529.73,2559.49,2524.55,2559.49,27.94,1.1,4360159487.25,,,,,,,,,,,,,,,,
